{"l100_pp": 28.571428571428573, "l200_pp": 17.857142857142858, "l300_pp": 32.142857142857146, "l400_pp": 21.428571428571427, "level_100": 8, "level_200": 5, "level_300": 9, "level_400": 6}